{"cameraMode":{"drawMode":0,"name":"Shaded","section":"Shading Mode"},"sceneLighting":true,"audioPlay":false,"sceneViewState":{"showFog":true,"showMaterialUpdate":false,"showSkybox":false,"showFlares":true,"showImageEffects":true,"showParticleSystems":true},"in2DMode":false,"pivot":{"x":0.3000001907348633,"y":2.4200000762939455,"z":1.9799997806549073},"rotation":{"x":0.46070292592048647,"y":-0.06778228282928467,"z":0.03531518578529358,"w":0.884257435798645},"size":11.374469757080079,"orthographic":false}